error_count_k,probability_epsilon_0.5,probability_epsilon_0.25,probability_epsilon_0.7
0,9.5367431640625e-07,0.0031712119389339932,3.4867844010000104e-11
1,1.9073486328125e-05,0.02114141292622662,1.6271660538000045e-09
2,0.0001811981201171875,0.06694780759971763,3.6068847525900097e-08
3,0.001087188720703125,0.13389561519943527,5.049638653626012e-07
4,0.004620552062988281,0.18968545486586663,5.007558331512461e-06
5,0.0147857666015625,0.2023311518569244,3.738976887529303e-05
6,0.03696441650390625,0.16860929321410367,0.00021810698510587597
7,0.0739288330078125,0.11240619547606912,0.0010178325971607544
8,0.12013435363769531,0.060886689216204104,0.003859281930901193
9,0.16017913818359375,0.02706075076275738,0.012006654896137042
10,0.17619705200195315,0.009922275279677708,0.030817080900085066
11,0.16017913818359378,0.0030067500847508204,0.06536956554563499
12,0.12013435363769534,0.0007516875211877052,0.11439673970486121
13,0.07392883300781253,0.00015419231203850364,0.16426198521723656
14,0.036964416503906264,2.569871867308394e-05,0.19163898275344268
15,0.014785766601562507,3.426495823077859e-06,0.17886305056987978
16,0.004620552062988283,3.56926648237277e-07,0.13042097437387065
17,0.0010871887207031254,2.799424692057074e-08,0.0716036722052623
18,0.00018119812011718755,1.5552359400317077e-09,0.027845872524268664
19,1.9073486328125003e-05,5.456968210637571e-11,0.00683933711122388
20,9.536743164062502e-07,9.094947017729284e-13,0.0007979226629761192
